index_name,daily_return
BSE_SMALLCAP,0.22141189021145855
CRISIL_GILT,0.041306716607985454
CRISIL_LIQUID,0.005173053209818066
NIFTY100,0.12889179154971192
NIFTY50,0.12867264445957793
NIFTY500,0.13865264011645778
NIFTY_MIDCAP150,0.17825307252689973
